{"cameraMode":{"drawMode":0,"name":"Shaded","section":"Shading Mode"},"sceneLighting":true,"audioPlay":false,"sceneViewState":{"showFog":true,"showMaterialUpdate":false,"showSkybox":true,"showFlares":true,"showImageEffects":true,"showParticleSystems":true},"in2DMode":false,"pivot":{"x":-320.5067138671875,"y":73.49000549316406,"z":-64.68669128417969},"rotation":{"x":0.29538971185684206,"y":0.42641037702560427,"z":-0.1496390402317047,"w":0.8417425155639648},"size":40.98234558105469,"orthographic":false}