{"cameraMode":{"drawMode":0,"name":"Shaded","section":"Shading Mode"},"sceneLighting":true,"audioPlay":false,"sceneViewState":{"showFog":true,"showMaterialUpdate":false,"showSkybox":true,"showFlares":true,"showImageEffects":true,"showParticleSystems":true},"in2DMode":false,"pivot":{"x":-325.42559814453127,"y":86.9130630493164,"z":-33.63905715942383},"rotation":{"x":0.19283682107925416,"y":0.698961615562439,"z":-0.20501384139060975,"w":0.657447099685669},"size":26.695241928100587,"orthographic":false}