{"cameraMode":{"drawMode":0,"name":"Shaded","section":"Shading Mode"},"sceneLighting":false,"audioPlay":false,"sceneViewState":{"showFog":true,"showMaterialUpdate":false,"showSkybox":false,"showFlares":true,"showImageEffects":true,"showParticleSystems":true},"in2DMode":false,"pivot":{"x":-323.58197021484377,"y":73.42333984375,"z":-76.91810607910156},"rotation":{"x":0.29538971185684206,"y":0.42641037702560427,"z":-0.1496390402317047,"w":0.8417425155639648},"size":4.666904449462891,"orthographic":false}